{
  "time": {
    "best_model": "O(n sqrt n)",
    "r2": 0.9982751028892571,
    "all": {
      "O(n)": {
        "r2": 0.9837831378139215,
        "a": 0.001562490288059712
      },
      "O(n log n)": {
        "r2": 0.9925660317544651,
        "a": 0.0001659257232347906
      },
      "O(n sqrt n)": {
        "r2": 0.9982751028892571,
        "a": 1.401938772217556e-05
      },
      "O(n^2)": {
        "r2": 0.9788522346144168,
        "a": 1.2325876983571867e-07
      }
    }
  },
  "memory": {
    "best_model": "O(n sqrt n)",
    "r2": 0.9864033073890555,
    "all": {
      "O(n)": {
        "r2": 0.9743222582712716,
        "a": 0.0003151688211963266
      },
      "O(n log n)": {
        "r2": 0.9814973130750887,
        "a": 3.3442818237266024e-05
      },
      "O(n sqrt n)": {
        "r2": 0.9864033073890555,
        "a": 2.8245904281633114e-06
      },
      "O(n^2)": {
        "r2": 0.9699665280370389,
        "a": 2.48692066012789e-08
      }
    }
  }
}